date,ticker,idea,position,value,bench_value
2026-10-05,SPY,Segui la tendenza,1,1996.9999999999998,1996.9999999999998
2026-10-05,QQQ,Compra quando sfonda verso l'alto,1,1997.0,1997.0
2026-10-05,FTSEMIB.MI,Segui la tendenza,1,1997.0,1997.0
2026-10-05,GC=F,Compra ciò che è salito nell'ultimo anno,1,1997.0,1997.0
2026-10-05,BTC-USD,Esci quando il mercato ha paura,1,1997.0,1997.0
2026-10-06,SPY,Segui la tendenza,1,2007.9794913907763,2007.9794913907763
2026-10-06,QQQ,Compra quando sfonda verso l'alto,1,2006.1371884166222,2006.1371884166222
2026-10-06,FTSEMIB.MI,Segui la tendenza,1,2014.4086150576568,2014.4086150576568
2026-10-06,GC=F,Compra ciò che è salito nell'ultimo anno,1,2011.5567955883655,2011.5567955883655
2026-10-07,SPY,Segui la tendenza,1,2003.1597218234372,2003.1597218234372
2026-10-07,QQQ,Compra quando sfonda verso l'alto,1,2001.0403948285257,2001.0403948285257
2026-10-07,FTSEMIB.MI,Segui la tendenza,1,1963.7546538628046,1963.7546538628046
2026-10-07,GC=F,Compra ciò che è salito nell'ultimo anno,1,1989.2654634736991,1989.2654634736991
2026-10-06,BTC-USD,Esci quando il mercato ha paura,1,1991.668451254949,1991.668451254949
